--regiones
insert into region (id_region, nombre) values (1, 'Región de Tarapacá');
insert into region (id_region, nombre) values (2, 'Región de Antofagasta');
insert into region (id_region, nombre) values (3, 'Región de Atacama');
insert into region (id_region, nombre) values (4, 'Región de Coquimbo');
insert into region (id_region, nombre) values (5, 'Región de Valparaíso');
insert into region (id_region, nombre) values (6, 'Región del Libertador General Bernardo O''Higgins');
insert into region (id_region, nombre) values (7, 'Región del Maule');
insert into region (id_region, nombre) values (8, 'Región del Bío-Bío');
insert into region (id_region, nombre) values (9, 'Región de La Araucanía');
insert into region (id_region, nombre) values (10, 'Región de Los Lagos');
insert into region (id_region, nombre) values (11, 'Región de Aysén del General Carlos Ibáñez del Camp');
insert into region (id_region, nombre) values (12, 'Región de Magallanes y de la Antártica Chilena');
insert into region (id_region, nombre) values (13, 'Región Metropolitana');
insert into region (id_region, nombre) values (14, 'Región de los Ríos');
insert into region (id_region, nombre) values (15, 'Región Arica-Parinacota');

--provincias
insert into provincia (id_provincia, id_region, nombre) values (1, 15, 'Arica');
insert into provincia (id_provincia, id_region, nombre) values (2, 15, 'Parinacota');
insert into provincia (id_provincia, id_region, nombre) values (3, 1, 'Iquique');
insert into provincia (id_provincia, id_region, nombre) values (4, 2, 'Tocopilla');
insert into provincia (id_provincia, id_region, nombre) values (5, 2, 'El Loa');
insert into provincia (id_provincia, id_region, nombre) values (6, 2, 'Antofagasta');
insert into provincia (id_provincia, id_region, nombre) values (7, 3, 'Chañaral');
insert into provincia (id_provincia, id_region, nombre) values (8, 3, 'Copiapó');
insert into provincia (id_provincia, id_region, nombre) values (9, 3, 'Huasco');
insert into provincia (id_provincia, id_region, nombre) values (10, 4, 'Elqui');
insert into provincia (id_provincia, id_region, nombre) values (11, 4, 'Limarí');
insert into provincia (id_provincia, id_region, nombre) values (12, 4, 'Choapa');
insert into provincia (id_provincia, id_region, nombre) values (13, 5, 'Petorca');
insert into provincia (id_provincia, id_region, nombre) values (14, 5, 'Los Andes');
insert into provincia (id_provincia, id_region, nombre) values (15, 5, 'San Felipe');
insert into provincia (id_provincia, id_region, nombre) values (16, 5, 'Quillota');
insert into provincia (id_provincia, id_region, nombre) values (17, 5, 'Valparaíso');
insert into provincia (id_provincia, id_region, nombre) values (18, 5, 'San Antonio');
insert into provincia (id_provincia, id_region, nombre) values (19, 5, 'Isla De Pascua');
insert into provincia (id_provincia, id_region, nombre) values (20, 13, 'Chacabuco');
insert into provincia (id_provincia, id_region, nombre) values (21, 13, 'Cordillera');
insert into provincia (id_provincia, id_region, nombre) values (22, 13, 'Maipo');
insert into provincia (id_provincia, id_region, nombre) values (23, 13, 'Talagante');
insert into provincia (id_provincia, id_region, nombre) values (24, 13, 'Melipilla');
insert into provincia (id_provincia, id_region, nombre) values (25, 13, 'Santiago');
insert into provincia (id_provincia, id_region, nombre) values (26, 6, 'Cachapoal');
insert into provincia (id_provincia, id_region, nombre) values (27, 6, 'Colchagua');
insert into provincia (id_provincia, id_region, nombre) values (28, 6, 'Cardenal Caro');
insert into provincia (id_provincia, id_region, nombre) values (29, 7, 'Curicó');
insert into provincia (id_provincia, id_region, nombre) values (30, 7, 'Talca');
insert into provincia (id_provincia, id_region, nombre) values (31, 7, 'Linares');
insert into provincia (id_provincia, id_region, nombre) values (32, 7, 'Cauquenes');
insert into provincia (id_provincia, id_region, nombre) values (33, 8, 'Ñuble');
insert into provincia (id_provincia, id_region, nombre) values (34, 8, 'Bio-Bio');
insert into provincia (id_provincia, id_region, nombre) values (35, 8, 'Concepción');
insert into provincia (id_provincia, id_region, nombre) values (36, 8, 'Arauco');
insert into provincia (id_provincia, id_region, nombre) values (37, 9, 'Malleco');
insert into provincia (id_provincia, id_region, nombre) values (38, 9, 'Cautín');
insert into provincia (id_provincia, id_region, nombre) values (39, 14, 'Valdivia');
insert into provincia (id_provincia, id_region, nombre) values (40, 10, 'Osorno');
insert into provincia (id_provincia, id_region, nombre) values (41, 10, 'Llanquihue');
insert into provincia (id_provincia, id_region, nombre) values (42, 10, 'Chiloe');
insert into provincia (id_provincia, id_region, nombre) values (43, 10, 'Palena');
insert into provincia (id_provincia, id_region, nombre) values (44, 11, 'Aysen');
insert into provincia (id_provincia, id_region, nombre) values (45, 11, 'Coyhaique');
insert into provincia (id_provincia, id_region, nombre) values (46, 11, 'General Carrera');
insert into provincia (id_provincia, id_region, nombre) values (47, 11, 'Capitán Prat');
insert into provincia (id_provincia, id_region, nombre) values (48, 12, 'Magallanes');
insert into provincia (id_provincia, id_region, nombre) values (49, 12, 'Ultima Esperanza');
insert into provincia (id_provincia, id_region, nombre) values (50, 12, 'Tierra del Fuego');
insert into provincia (id_provincia, id_region, nombre) values (51, 12, 'Antártica Chilena');

--comunas
insert into comuna (id_comuna, id_provincia, nombre) values (1, 42, 'Achao');
insert into comuna (id_comuna, id_provincia, nombre) values (2, 41, 'Alerce');
insert into comuna (id_comuna, id_provincia, nombre) values (3, 18, 'Algarrobo');
insert into comuna (id_comuna, id_provincia, nombre) values (4, 24, 'Alhue');
insert into comuna (id_comuna, id_provincia, nombre) values (5, 17, 'Almendral');
insert into comuna (id_comuna, id_provincia, nombre) values (6, 9, 'Alto Del Carmen');
insert into comuna (id_comuna, id_provincia, nombre) values (7, 22, 'Alto Jahuel');
insert into comuna (id_comuna, id_provincia, nombre) values (8, 42, 'Ancud');
insert into comuna (id_comuna, id_provincia, nombre) values (9, 10, 'Andacollo');
insert into comuna (id_comuna, id_provincia, nombre) values (10, 37, 'Angol');
insert into comuna (id_comuna, id_provincia, nombre) values (11, 26, 'Angostura');
insert into comuna (id_comuna, id_provincia, nombre) values (12, 51, 'Antártica');
insert into comuna (id_comuna, id_provincia, nombre) values (13, 6, 'Antofagasta');
insert into comuna (id_comuna, id_provincia, nombre) values (14, 34, 'Antuco');
insert into comuna (id_comuna, id_provincia, nombre) values (15, 36, 'Arauco');
insert into comuna (id_comuna, id_provincia, nombre) values (16, 1, 'Arica');
insert into comuna (id_comuna, id_provincia, nombre) values (17, 44, 'Aysén');
insert into comuna (id_comuna, id_provincia, nombre) values (18, 22, 'Bajos San Agustín');
insert into comuna (id_comuna, id_provincia, nombre) values (19, 20, 'Batuco');
insert into comuna (id_comuna, id_provincia, nombre) values (20, 16, 'Boco');
insert into comuna (id_comuna, id_provincia, nombre) values (21, 33, 'Buchupureo');
insert into comuna (id_comuna, id_provincia, nombre) values (22, 22, 'Buin');
insert into comuna (id_comuna, id_provincia, nombre) values (23, 33, 'Bulnes');
insert into comuna (id_comuna, id_provincia, nombre) values (24, 13, 'Cabildo');
insert into comuna (id_comuna, id_provincia, nombre) values (25, 34, 'Cabrero');
insert into comuna (id_comuna, id_provincia, nombre) values (26, 26, 'Cachapoal');
insert into comuna (id_comuna, id_provincia, nombre) values (27, 38, 'Cajón');
insert into comuna (id_comuna, id_provincia, nombre) values (28, 5, 'Calama');
insert into comuna (id_comuna, id_provincia, nombre) values (29, 41, 'Calbuco');
insert into comuna (id_comuna, id_provincia, nombre) values (30, 8, 'Caldera');
insert into comuna (id_comuna, id_provincia, nombre) values (32, 22, 'Calera De Tango');
insert into comuna (id_comuna, id_provincia, nombre) values (33, 14, 'Calle Larga');
insert into comuna (id_comuna, id_provincia, nombre) values (34, 1, 'Camarones');
insert into comuna (id_comuna, id_provincia, nombre) values (36, 33, 'Campanario');
insert into comuna (id_comuna, id_provincia, nombre) values (37, 12, 'Canela');
insert into comuna (id_comuna, id_provincia, nombre) values (38, 36, 'Cañete');
insert into comuna (id_comuna, id_provincia, nombre) values (39, 37, 'Capitán Pastene');
insert into comuna (id_comuna, id_provincia, nombre) values (40, 38, 'Carahue');
insert into comuna (id_comuna, id_provincia, nombre) values (41, 36, 'Carampangue');
insert into comuna (id_comuna, id_provincia, nombre) values (42, 41, 'Carelmapu');
insert into comuna (id_comuna, id_provincia, nombre) values (43, 3, 'Cariquima');
insert into comuna (id_comuna, id_provincia, nombre) values (44, 18, 'Cartagena');
insert into comuna (id_comuna, id_provincia, nombre) values (45, 17, 'Casablanca');
insert into comuna (id_comuna, id_provincia, nombre) values (46, 42, 'Castro');
insert into comuna (id_comuna, id_provincia, nombre) values (47, 15, 'Catemu');
insert into comuna (id_comuna, id_provincia, nombre) values (48, 32, 'Cauquenes');
insert into comuna (id_comuna, id_provincia, nombre) values (49, 25, 'Cerrillos');
insert into comuna (id_comuna, id_provincia, nombre) values (50, 25, 'Cerro Navia');
insert into comuna (id_comuna, id_provincia, nombre) values (51, 42, 'Chacao');
insert into comuna (id_comuna, id_provincia, nombre) values (52, 6, 'Chacaya');
insert into comuna (id_comuna, id_provincia, nombre) values (53, 43, 'Chaitén');
insert into comuna (id_comuna, id_provincia, nombre) values (54, 7, 'Chañaral');
insert into comuna (id_comuna, id_provincia, nombre) values (55, 11, 'Chañaral Alto');
insert into comuna (id_comuna, id_provincia, nombre) values (56, 32, 'Chanco');
insert into comuna (id_comuna, id_provincia, nombre) values (57, 27, 'Chépica');
insert into comuna (id_comuna, id_provincia, nombre) values (58, 38, 'Cherquenco');
insert into comuna (id_comuna, id_provincia, nombre) values (59, 35, 'Chiguayante');
insert into comuna (id_comuna, id_provincia, nombre) values (60, 46, 'Chile Chico');
insert into comuna (id_comuna, id_provincia, nombre) values (61, 33, 'Chillán');
insert into comuna (id_comuna, id_provincia, nombre) values (62, 33, 'Chillancito');
insert into comuna (id_comuna, id_provincia, nombre) values (63, 42, 'Chiloé');
insert into comuna (id_comuna, id_provincia, nombre) values (64, 27, 'Chimbarongo');
insert into comuna (id_comuna, id_provincia, nombre) values (65, 13, 'Chincolco');
insert into comuna (id_comuna, id_provincia, nombre) values (66, 38, 'Cholchol');
insert into comuna (id_comuna, id_provincia, nombre) values (67, 42, 'Chonchi');
insert into comuna (id_comuna, id_provincia, nombre) values (68, 17, 'Chorrillos');
insert into comuna (id_comuna, id_provincia, nombre) values (69, 5, 'Chuquicamata');
insert into comuna (id_comuna, id_provincia, nombre) values (70, 44, 'Cisnes');
insert into comuna (id_comuna, id_provincia, nombre) values (71, 33, 'Cobquecura');
insert into comuna (id_comuna, id_provincia, nombre) values (73, 41, 'Cochamó');
insert into comuna (id_comuna, id_provincia, nombre) values (74, 47, 'Cochrane');
insert into comuna (id_comuna, id_provincia, nombre) values (75, 26, 'Codegua');
insert into comuna (id_comuna, id_provincia, nombre) values (76, 33, 'Coelemu');
insert into comuna (id_comuna, id_provincia, nombre) values (77, 38, 'Coñaripe');
insert into comuna (id_comuna, id_provincia, nombre) values (78, 33, 'Coihueco');
insert into comuna (id_comuna, id_provincia, nombre) values (79, 26, 'Coinco');
insert into comuna (id_comuna, id_provincia, nombre) values (80, 31, 'Colbún');
insert into comuna (id_comuna, id_provincia, nombre) values (82, 35, 'Colcura');
insert into comuna (id_comuna, id_provincia, nombre) values (83, 20, 'Colina');
insert into comuna (id_comuna, id_provincia, nombre) values (84, 37, 'Collipulli');
insert into comuna (id_comuna, id_provincia, nombre) values (85, 26, 'Coltauco');
insert into comuna (id_comuna, id_provincia, nombre) values (86, 11, 'Combarbalá');
insert into comuna (id_comuna, id_provincia, nombre) values (87, 35, 'Concepción');
insert into comuna (id_comuna, id_provincia, nombre) values (88, 25, 'Conchalí');
insert into comuna (id_comuna, id_provincia, nombre) values (89, 17, 'Concón');
insert into comuna (id_comuna, id_provincia, nombre) values (90, 30, 'Constitución');
insert into comuna (id_comuna, id_provincia, nombre) values (91, 36, 'Contulmo');
insert into comuna (id_comuna, id_provincia, nombre) values (92, 8, 'Copiapó');
insert into comuna (id_comuna, id_provincia, nombre) values (93, 31, 'Copihue');
insert into comuna (id_comuna, id_provincia, nombre) values (94, 10, 'Coquimbo');
insert into comuna (id_comuna, id_provincia, nombre) values (95, 43, 'Corcobado');
insert into comuna (id_comuna, id_provincia, nombre) values (96, 35, 'Coronel');
insert into comuna (id_comuna, id_provincia, nombre) values (97, 39, 'Corral');
insert into comuna (id_comuna, id_provincia, nombre) values (98, 40, 'Corte Alto');
insert into comuna (id_comuna, id_provincia, nombre) values (99, 26, 'Coya');
insert into comuna (id_comuna, id_provincia, nombre) values (100, 45, 'Coyhaique');
insert into comuna (id_comuna, id_provincia, nombre) values (101, 30, 'Cumpeo');
insert into comuna (id_comuna, id_provincia, nombre) values (102, 27, 'Cunaco');
insert into comuna (id_comuna, id_provincia, nombre) values (103, 38, 'Cunco');
insert into comuna (id_comuna, id_provincia, nombre) values (104, 37, 'Curacautín');
insert into comuna (id_comuna, id_provincia, nombre) values (105, 24, 'Curacaví');
insert into comuna (id_comuna, id_provincia, nombre) values (106, 42, 'Curaco De Velez');
insert into comuna (id_comuna, id_provincia, nombre) values (107, 42, 'Curahue');
insert into comuna (id_comuna, id_provincia, nombre) values (108, 36, 'Curanilahue');
insert into comuna (id_comuna, id_provincia, nombre) values (109, 32, 'Curanipe');
insert into comuna (id_comuna, id_provincia, nombre) values (110, 38, 'Curarrehue');
insert into comuna (id_comuna, id_provincia, nombre) values (111, 30, 'Curepto');
insert into comuna (id_comuna, id_provincia, nombre) values (112, 29, 'Curicó');
insert into comuna (id_comuna, id_provincia, nombre) values (113, 15, 'Curimón');
insert into comuna (id_comuna, id_provincia, nombre) values (114, 42, 'Dalcahue');
insert into comuna (id_comuna, id_provincia, nombre) values (115, 35, 'Dichato');
insert into comuna (id_comuna, id_provincia, nombre) values (116, 7, 'Diego De Almagro');
insert into comuna (id_comuna, id_provincia, nombre) values (117, 9, 'Domeyko');
insert into comuna (id_comuna, id_provincia, nombre) values (118, 26, 'Doñihue');
insert into comuna (id_comuna, id_provincia, nombre) values (119, 17, 'El Belloto');
insert into comuna (id_comuna, id_provincia, nombre) values (120, 25, 'El Bosque');
insert into comuna (id_comuna, id_provincia, nombre) values (121, 33, 'El Carmen');
insert into comuna (id_comuna, id_provincia, nombre) values (122, 27, 'El Huique');
insert into comuna (id_comuna, id_provincia, nombre) values (123, 26, 'El Manzano');
insert into comuna (id_comuna, id_provincia, nombre) values (124, 16, 'El Melón');
insert into comuna (id_comuna, id_provincia, nombre) values (125, 23, 'El Monte');
insert into comuna (id_comuna, id_provincia, nombre) values (126, 11, 'El Palqui');
insert into comuna (id_comuna, id_provincia, nombre) values (127, 18, 'El Quisco');
insert into comuna (id_comuna, id_provincia, nombre) values (128, 7, 'El Salado');
insert into comuna (id_comuna, id_provincia, nombre) values (130, 18, 'El Tabo');
insert into comuna (id_comuna, id_provincia, nombre) values (131, 10, 'Elqui');
insert into comuna (id_comuna, id_provincia, nombre) values (132, 30, 'Empedrado');
insert into comuna (id_comuna, id_provincia, nombre) values (133, 41, 'Ensenada');
insert into comuna (id_comuna, id_provincia, nombre) values (134, 40, 'Entre Lagos');
insert into comuna (id_comuna, id_provincia, nombre) values (136, 37, 'Ercilla');
insert into comuna (id_comuna, id_provincia, nombre) values (137, 25, 'Estación Central');
insert into comuna (id_comuna, id_provincia, nombre) values (138, 31, 'Estación Villa Alegre');
insert into comuna (id_comuna, id_provincia, nombre) values (139, 34, 'Estacion Yumbel');
insert into comuna (id_comuna, id_provincia, nombre) values (141, 35, 'Florida');
insert into comuna (id_comuna, id_provincia, nombre) values (142, 38, 'Freire');
insert into comuna (id_comuna, id_provincia, nombre) values (143, 9, 'Freirina');
insert into comuna (id_comuna, id_provincia, nombre) values (144, 41, 'Fresia');
insert into comuna (id_comuna, id_provincia, nombre) values (145, 41, 'Frutillar');
insert into comuna (id_comuna, id_provincia, nombre) values (146, 43, 'Futaleufu');
insert into comuna (id_comuna, id_provincia, nombre) values (148, 38, 'Galvarino');
insert into comuna (id_comuna, id_provincia, nombre) values (149, 23, 'Gaudal');
insert into comuna (id_comuna, id_provincia, nombre) values (150, 2, 'General Lagos');
insert into comuna (id_comuna, id_provincia, nombre) values (151, 38, 'Gorbea');
insert into comuna (id_comuna, id_provincia, nombre) values (152, 26, 'Graneros');
insert into comuna (id_comuna, id_provincia, nombre) values (153, 44, 'Guaitecas');
insert into comuna (id_comuna, id_provincia, nombre) values (154, 38, 'Gualpin');
insert into comuna (id_comuna, id_provincia, nombre) values (155, 10, 'Guanaqueros');
insert into comuna (id_comuna, id_provincia, nombre) values (156, 26, 'Gultro');
insert into comuna (id_comuna, id_provincia, nombre) values (157, 19, 'Hanga-Roa');
insert into comuna (id_comuna, id_provincia, nombre) values (158, 16, 'Hijuelas');
insert into comuna (id_comuna, id_provincia, nombre) values (159, 22, 'Hospital');
insert into comuna (id_comuna, id_provincia, nombre) values (160, 43, 'Hualaihue');
insert into comuna (id_comuna, id_provincia, nombre) values (162, 29, 'Hualañe');
insert into comuna (id_comuna, id_provincia, nombre) values (163, 38, 'Hualpin');
insert into comuna (id_comuna, id_provincia, nombre) values (164, 35, 'Hualqui');
insert into comuna (id_comuna, id_provincia, nombre) values (165, 38, 'Hualpi');
insert into comuna (id_comuna, id_provincia, nombre) values (167, 9, 'Huasco');
insert into comuna (id_comuna, id_provincia, nombre) values (168, 9, 'Huasco Bajo');
insert into comuna (id_comuna, id_provincia, nombre) values (169, 25, 'Huechuraba');
insert into comuna (id_comuna, id_provincia, nombre) values (170, 22, 'Huelquén');
insert into comuna (id_comuna, id_provincia, nombre) values (171, 36, 'Huape');
insert into comuna (id_comuna, id_provincia, nombre) values (172, 38, 'Huiscapi');
insert into comuna (id_comuna, id_provincia, nombre) values (173, 12, 'Illapel');
insert into comuna (id_comuna, id_provincia, nombre) values (174, 25, 'Independencia');
insert into comuna (id_comuna, id_provincia, nombre) values (175, 3, 'Iquique');
insert into comuna (id_comuna, id_provincia, nombre) values (176, 23, 'Isla Dawson');
insert into comuna (id_comuna, id_provincia, nombre) values (177, 23, 'Isla De Maipo');
insert into comuna (id_comuna, id_provincia, nombre) values (178, 19, 'Isla De Pascua');
insert into comuna (id_comuna, id_provincia, nombre) values (179, 27, 'Isla del Guindo');
insert into comuna (id_comuna, id_provincia, nombre) values (180, 18, 'Isla Negra');
insert into comuna (id_comuna, id_provincia, nombre) values (181, 35, 'Isla Quiriquina');
insert into comuna (id_comuna, id_provincia, nombre) values (182, 29, 'Itahue');
insert into comuna (id_comuna, id_provincia, nombre) values (183, 17, 'Juan Fernandez');
insert into comuna (id_comuna, id_provincia, nombre) values (184, 16, 'La Calera');
insert into comuna (id_comuna, id_provincia, nombre) values (185, 13, 'La Chimba');
insert into comuna (id_comuna, id_provincia, nombre) values (186, 25, 'La Cisterna');
insert into comuna (id_comuna, id_provincia, nombre) values (187, 16, 'La Cruz');
insert into comuna (id_comuna, id_provincia, nombre) values (188, 25, 'La Dehesa');
insert into comuna (id_comuna, id_provincia, nombre) values (189, 28, 'La Estrella');
insert into comuna (id_comuna, id_provincia, nombre) values (190, 25, 'La Florida');
insert into comuna (id_comuna, id_provincia, nombre) values (191, 25, 'La Granja');
insert into comuna (id_comuna, id_provincia, nombre) values (192, 10, 'La Herradura');
insert into comuna (id_comuna, id_provincia, nombre) values (193, 10, 'La Higuera');
insert into comuna (id_comuna, id_provincia, nombre) values (194, 29, 'La Huerta');
insert into comuna (id_comuna, id_provincia, nombre) values (195, 23, 'La Junta');
insert into comuna (id_comuna, id_provincia, nombre) values (196, 13, 'La Ligua');
insert into comuna (id_comuna, id_provincia, nombre) values (197, 25, 'La Palmilla');
insert into comuna (id_comuna, id_provincia, nombre) values (198, 25, 'La Pintana');
insert into comuna (id_comuna, id_provincia, nombre) values (199, 26, 'La Punta');
insert into comuna (id_comuna, id_provincia, nombre) values (200, 25, 'La Reina');
insert into comuna (id_comuna, id_provincia, nombre) values (201, 10, 'La Serena');
insert into comuna (id_comuna, id_provincia, nombre) values (204, 45, 'Lago Verde');
insert into comuna (id_comuna, id_provincia, nombre) values (205, 48, 'Laguna Blanca');
insert into comuna (id_comuna, id_provincia, nombre) values (206, 34, 'Laja');
insert into comuna (id_comuna, id_provincia, nombre) values (207, 20, 'Lampa');
insert into comuna (id_comuna, id_provincia, nombre) values (208, 39, 'Lanco');
insert into comuna (id_comuna, id_provincia, nombre) values (209, 36, 'Laraquete');
insert into comuna (id_comuna, id_provincia, nombre) values (210, 26, 'Las Cabras');
insert into comuna (id_comuna, id_provincia, nombre) values (211, 25, 'Las Condes');
insert into comuna (id_comuna, id_provincia, nombre) values (212, 18, 'Las Cruces');
insert into comuna (id_comuna, id_provincia, nombre) values (213, 17, 'Las Ventanas');
insert into comuna (id_comuna, id_provincia, nombre) values (214, 38, 'Lastarria');
insert into comuna (id_comuna, id_provincia, nombre) values (215, 38, 'Lautaro');
insert into comuna (id_comuna, id_provincia, nombre) values (216, 36, 'Lebu');
insert into comuna (id_comuna, id_provincia, nombre) values (217, 38, 'Lican Ray');
insert into comuna (id_comuna, id_provincia, nombre) values (218, 29, 'Licantén');
insert into comuna (id_comuna, id_provincia, nombre) values (219, 16, 'Limache');
insert into comuna (id_comuna, id_provincia, nombre) values (220, 31, 'Linares');
insert into comuna (id_comuna, id_provincia, nombre) values (221, 22, 'Linderos');
insert into comuna (id_comuna, id_provincia, nombre) values (222, 39, 'Liquiñe');
insert into comuna (id_comuna, id_provincia, nombre) values (223, 35, 'Lirquén');
insert into comuna (id_comuna, id_provincia, nombre) values (224, 28, 'Litueche');
insert into comuna (id_comuna, id_provincia, nombre) values (225, 41, 'Llanquihue');
insert into comuna (id_comuna, id_provincia, nombre) values (226, 15, 'Llay Llay');
insert into comuna (id_comuna, id_provincia, nombre) values (227, 39, 'Llifen');
insert into comuna (id_comuna, id_provincia, nombre) values (228, 18, 'Llolleo');
insert into comuna (id_comuna, id_provincia, nombre) values (229, 25, 'Lo Barnechea');
insert into comuna (id_comuna, id_provincia, nombre) values (230, 25, 'Lo Espejo');
insert into comuna (id_comuna, id_provincia, nombre) values (231, 26, 'Lo Miranda');
insert into comuna (id_comuna, id_provincia, nombre) values (232, 25, 'Lo Ovalle');
insert into comuna (id_comuna, id_provincia, nombre) values (233, 25, 'Lo Prado');
insert into comuna (id_comuna, id_provincia, nombre) values (234, 27, 'Lolol');
insert into comuna (id_comuna, id_provincia, nombre) values (235, 35, 'Lonco');
insert into comuna (id_comuna, id_provincia, nombre) values (236, 38, 'Loncoche');
insert into comuna (id_comuna, id_provincia, nombre) values (237, 31, 'Longaví');
insert into comuna (id_comuna, id_provincia, nombre) values (238, 37, 'Lonquimay');
insert into comuna (id_comuna, id_provincia, nombre) values (239, 29, 'Lontué');
insert into comuna (id_comuna, id_provincia, nombre) values (240, 36, 'Los Alamos');
insert into comuna (id_comuna, id_provincia, nombre) values (241, 14, 'Los Andes');
insert into comuna (id_comuna, id_provincia, nombre) values (242, 34, 'Los Angeles');
insert into comuna (id_comuna, id_provincia, nombre) values (243, 23, 'Los Chonos');
insert into comuna (id_comuna, id_provincia, nombre) values (244, 26, 'Los Cipreses');
insert into comuna (id_comuna, id_provincia, nombre) values (245, 25, 'Los Dominicos');
insert into comuna (id_comuna, id_provincia, nombre) values (246, 39, 'Los Lagos');
insert into comuna (id_comuna, id_provincia, nombre) values (247, 38, 'Los Laureles');
insert into comuna (id_comuna, id_provincia, nombre) values (248, 14, 'Los Libertadores');
insert into comuna (id_comuna, id_provincia, nombre) values (249, 26, 'Los Lirios');
insert into comuna (id_comuna, id_provincia, nombre) values (250, 41, 'Los Muermos');
insert into comuna (id_comuna, id_provincia, nombre) values (251, 29, 'Los Niches');
insert into comuna (id_comuna, id_provincia, nombre) values (252, 37, 'Los Sauces');
insert into comuna (id_comuna, id_provincia, nombre) values (253, 12, 'Los Vilos');
insert into comuna (id_comuna, id_provincia, nombre) values (254, 35, 'Lota');
insert into comuna (id_comuna, id_provincia, nombre) values (255, 37, 'Lumaco');
insert into comuna (id_comuna, id_provincia, nombre) values (256, 26, 'Machalí');
insert into comuna (id_comuna, id_provincia, nombre) values (257, 25, 'Macúl');
insert into comuna (id_comuna, id_provincia, nombre) values (258, 39, 'Mafil');
insert into comuna (id_comuna, id_provincia, nombre) values (259, 48, 'Magallanes');
insert into comuna (id_comuna, id_provincia, nombre) values (260, 22, 'Maipo');
insert into comuna (id_comuna, id_provincia, nombre) values (261, 25, 'Maipú');
insert into comuna (id_comuna, id_provincia, nombre) values (262, 13, 'Maitencillo');
insert into comuna (id_comuna, id_provincia, nombre) values (263, 39, 'Malalhue');
insert into comuna (id_comuna, id_provincia, nombre) values (264, 26, 'Malloa');
insert into comuna (id_comuna, id_provincia, nombre) values (265, 25, 'Malloco');
insert into comuna (id_comuna, id_provincia, nombre) values (266, 28, 'Marchigue');
insert into comuna (id_comuna, id_provincia, nombre) values (267, 28, 'Marchihue');
insert into comuna (id_comuna, id_provincia, nombre) values (268, 4, 'Marìa Elena');
insert into comuna (id_comuna, id_provincia, nombre) values (269, 24, 'Marìa Pinto');
insert into comuna (id_comuna, id_provincia, nombre) values (270, 39, 'Mariquina');
insert into comuna (id_comuna, id_provincia, nombre) values (271, 30, 'Maule');
insert into comuna (id_comuna, id_provincia, nombre) values (272, 41, 'Maullín');
insert into comuna (id_comuna, id_provincia, nombre) values (273, 39, 'Mehuin');
insert into comuna (id_comuna, id_provincia, nombre) values (274, 6, 'Mejillones');
insert into comuna (id_comuna, id_provincia, nombre) values (275, 38, 'Melipeuco');
insert into comuna (id_comuna, id_provincia, nombre) values (276, 24, 'Melipilla');
insert into comuna (id_comuna, id_provincia, nombre) values (277, 12, 'Mincha');
insert into comuna (id_comuna, id_provincia, nombre) values (278, 37, 'Mininco');
insert into comuna (id_comuna, id_provincia, nombre) values (279, 29, 'Molina');
insert into comuna (id_comuna, id_provincia, nombre) values (280, 34, 'Monte Aguila');
insert into comuna (id_comuna, id_provincia, nombre) values (281, 11, 'Monte Patria');
insert into comuna (id_comuna, id_provincia, nombre) values (282, 26, 'Mostazal');
insert into comuna (id_comuna, id_provincia, nombre) values (283, 34, 'Mulchén');
insert into comuna (id_comuna, id_provincia, nombre) values (284, 34, 'Nacimiento');
insert into comuna (id_comuna, id_provincia, nombre) values (285, 27, 'Nancagua');
insert into comuna (id_comuna, id_provincia, nombre) values (286, 28, 'Narchihue');
insert into comuna (id_comuna, id_provincia, nombre) values (287, 49, 'Natales');
insert into comuna (id_comuna, id_provincia, nombre) values (288, 51, 'Navarino');
insert into comuna (id_comuna, id_provincia, nombre) values (289, 28, 'Navidad');
insert into comuna (id_comuna, id_provincia, nombre) values (290, 34, 'Negrete');
insert into comuna (id_comuna, id_provincia, nombre) values (291, 33, 'Ninhue');
insert into comuna (id_comuna, id_provincia, nombre) values (292, 33, 'Ñipas');
insert into comuna (id_comuna, id_provincia, nombre) values (293, 33, 'Ñiquén');
insert into comuna (id_comuna, id_provincia, nombre) values (294, 16, 'Nogales');
insert into comuna (id_comuna, id_provincia, nombre) values (295, 38, 'Nueva Imperial');
insert into comuna (id_comuna, id_provincia, nombre) values (296, 38, 'Nueva Toltén');
insert into comuna (id_comuna, id_provincia, nombre) values (297, 25, 'Ñuñoa');
insert into comuna (id_comuna, id_provincia, nombre) values (298, 47, 'O''higgins');
insert into comuna (id_comuna, id_provincia, nombre) values (299, 26, 'Olivar');
insert into comuna (id_comuna, id_provincia, nombre) values (300, 5, 'Ollagüe');
insert into comuna (id_comuna, id_provincia, nombre) values (301, 16, 'Olmué');
insert into comuna (id_comuna, id_provincia, nombre) values (302, 40, 'Osorno');
insert into comuna (id_comuna, id_provincia, nombre) values (303, 11, 'Ovalle');
insert into comuna (id_comuna, id_provincia, nombre) values (304, 23, 'Padre Hurtado');
insert into comuna (id_comuna, id_provincia, nombre) values (305, 38, 'Padre Las Casas');
insert into comuna (id_comuna, id_provincia, nombre) values (306, 10, 'Paihuano');
insert into comuna (id_comuna, id_provincia, nombre) values (307, 37, 'Pailahueque');
insert into comuna (id_comuna, id_provincia, nombre) values (308, 39, 'Paillaco');
insert into comuna (id_comuna, id_provincia, nombre) values (309, 22, 'Paine');
insert into comuna (id_comuna, id_provincia, nombre) values (310, 40, 'Palena');
insert into comuna (id_comuna, id_provincia, nombre) values (311, 27, 'Palmilla');
insert into comuna (id_comuna, id_provincia, nombre) values (312, 31, 'Palmilla/Linare');
insert into comuna (id_comuna, id_provincia, nombre) values (313, 7, 'Pan de Azucar');
insert into comuna (id_comuna, id_provincia, nombre) values (314, 39, 'Panguipulli');
insert into comuna (id_comuna, id_provincia, nombre) values (315, 31, 'Panimávida');
insert into comuna (id_comuna, id_provincia, nombre) values (316, 15, 'Panquehue');
insert into comuna (id_comuna, id_provincia, nombre) values (317, 13, 'Papudo');
insert into comuna (id_comuna, id_provincia, nombre) values (318, 28, 'Paredones');
insert into comuna (id_comuna, id_provincia, nombre) values (319, 31, 'Parral');
insert into comuna (id_comuna, id_provincia, nombre) values (320, 27, 'Patagua');
insert into comuna (id_comuna, id_provincia, nombre) values (321, 33, 'Pblo. Seco/Bulnes');
insert into comuna (id_comuna, id_provincia, nombre) values (322, 25, 'Pedro Aguirre Cerda');
insert into comuna (id_comuna, id_provincia, nombre) values (323, 4, 'Pedro de Valdivia');
insert into comuna (id_comuna, id_provincia, nombre) values (324, 30, 'Pelarco');
insert into comuna (id_comuna, id_provincia, nombre) values (325, 26, 'Pelequén');
insert into comuna (id_comuna, id_provincia, nombre) values (326, 32, 'Pelluhue');
insert into comuna (id_comuna, id_provincia, nombre) values (327, 33, 'Pemuco');
insert into comuna (id_comuna, id_provincia, nombre) values (328, 17, 'Peña Blanca');
insert into comuna (id_comuna, id_provincia, nombre) values (329, 23, 'Peñaflor');
insert into comuna (id_comuna, id_provincia, nombre) values (330, 25, 'Peñalolén');
insert into comuna (id_comuna, id_provincia, nombre) values (331, 30, 'Pencahue');
insert into comuna (id_comuna, id_provincia, nombre) values (332, 35, 'Penco');
insert into comuna (id_comuna, id_provincia, nombre) values (333, 27, 'Peralillo');
insert into comuna (id_comuna, id_provincia, nombre) values (334, 38, 'Perquenco');
insert into comuna (id_comuna, id_provincia, nombre) values (335, 13, 'Petorca');
insert into comuna (id_comuna, id_provincia, nombre) values (336, 26, 'Peumo');
insert into comuna (id_comuna, id_provincia, nombre) values (338, 26, 'Pichidegua');
insert into comuna (id_comuna, id_provincia, nombre) values (339, 28, 'Pichilemu');
insert into comuna (id_comuna, id_provincia, nombre) values (340, 38, 'Pillanlelbun');
insert into comuna (id_comuna, id_provincia, nombre) values (341, 33, 'Pinto');
insert into comuna (id_comuna, id_provincia, nombre) values (342, 21, 'Pirque');
insert into comuna (id_comuna, id_provincia, nombre) values (343, 38, 'Pitrufquen');
insert into comuna (id_comuna, id_provincia, nombre) values (344, 27, 'Placilla');
insert into comuna (id_comuna, id_provincia, nombre) values (345, 17, 'Placilla de Peñuelas');
insert into comuna (id_comuna, id_provincia, nombre) values (346, 34, 'Polcura');
insert into comuna (id_comuna, id_provincia, nombre) values (347, 24, 'Pomaire');
insert into comuna (id_comuna, id_provincia, nombre) values (348, 33, 'Portezuelo');
insert into comuna (id_comuna, id_provincia, nombre) values (349, 50, 'Porvenir');
insert into comuna (id_comuna, id_provincia, nombre) values (350, 7, 'Potrerillos');
insert into comuna (id_comuna, id_provincia, nombre) values (352, 50, 'Primavera');
insert into comuna (id_comuna, id_provincia, nombre) values (353, 25, 'Providencia');
insert into comuna (id_comuna, id_provincia, nombre) values (354, 37, 'Pua');
insert into comuna (id_comuna, id_provincia, nombre) values (355, 17, 'Puchuncavi');
insert into comuna (id_comuna, id_provincia, nombre) values (356, 38, 'Pucón');
insert into comuna (id_comuna, id_provincia, nombre) values (357, 25, 'Pudahuel');
insert into comuna (id_comuna, id_provincia, nombre) values (358, 9, 'Pueblo Hundido');
insert into comuna (id_comuna, id_provincia, nombre) values (359, 33, 'Pueblo Seco');
insert into comuna (id_comuna, id_provincia, nombre) values (360, 21, 'Puente Alto');
insert into comuna (id_comuna, id_provincia, nombre) values (361, 27, 'Puente Negro');
insert into comuna (id_comuna, id_provincia, nombre) values (362, 44, 'Puerto Aisén');
insert into comuna (id_comuna, id_provincia, nombre) values (363, 44, 'Puerto Cisnes');
insert into comuna (id_comuna, id_provincia, nombre) values (364, 48, 'Puerto Harris');
insert into comuna (id_comuna, id_provincia, nombre) values (365, 46, 'Puerto Ibañez');
insert into comuna (id_comuna, id_provincia, nombre) values (366, 41, 'Puerto Montt');
insert into comuna (id_comuna, id_provincia, nombre) values (367, 49, 'Puerto Natales');
insert into comuna (id_comuna, id_provincia, nombre) values (368, 40, 'Puerto Octay');
insert into comuna (id_comuna, id_provincia, nombre) values (370, 38, 'Puerto Saavedra');
insert into comuna (id_comuna, id_provincia, nombre) values (371, 41, 'Puerto Varas');
insert into comuna (id_comuna, id_provincia, nombre) values (372, 51, 'Puerto Williams');
insert into comuna (id_comuna, id_provincia, nombre) values (373, 27, 'Pumanque');
insert into comuna (id_comuna, id_provincia, nombre) values (374, 11, 'Punitaqui');
insert into comuna (id_comuna, id_provincia, nombre) values (375, 48, 'Punta Arenas');
insert into comuna (id_comuna, id_provincia, nombre) values (376, 42, 'Puqueldon');
insert into comuna (id_comuna, id_provincia, nombre) values (377, 37, 'Purén');
insert into comuna (id_comuna, id_provincia, nombre) values (378, 40, 'Purranque');
insert into comuna (id_comuna, id_provincia, nombre) values (379, 15, 'Putaendo');
insert into comuna (id_comuna, id_provincia, nombre) values (380, 31, 'Putagan');
insert into comuna (id_comuna, id_provincia, nombre) values (381, 2, 'Putre');
insert into comuna (id_comuna, id_provincia, nombre) values (382, 40, 'Puyehue');
insert into comuna (id_comuna, id_provincia, nombre) values (383, 16, 'Queb. Alvarado');
insert into comuna (id_comuna, id_provincia, nombre) values (385, 42, 'Queilen');
insert into comuna (id_comuna, id_provincia, nombre) values (386, 42, 'Quellón');
insert into comuna (id_comuna, id_provincia, nombre) values (387, 42, 'Quemchi');
insert into comuna (id_comuna, id_provincia, nombre) values (388, 40, 'Quilacahuin');
insert into comuna (id_comuna, id_provincia, nombre) values (389, 34, 'Quilaco');
insert into comuna (id_comuna, id_provincia, nombre) values (390, 25, 'Quilicura');
insert into comuna (id_comuna, id_provincia, nombre) values (391, 10, 'Quilitapia');
insert into comuna (id_comuna, id_provincia, nombre) values (392, 34, 'Quilleco');
insert into comuna (id_comuna, id_provincia, nombre) values (393, 33, 'Quillón');
insert into comuna (id_comuna, id_provincia, nombre) values (394, 16, 'Quillota');
insert into comuna (id_comuna, id_provincia, nombre) values (395, 17, 'Quilpué');
insert into comuna (id_comuna, id_provincia, nombre) values (396, 42, 'Quinchao');
insert into comuna (id_comuna, id_provincia, nombre) values (397, 37, 'Quino');
insert into comuna (id_comuna, id_provincia, nombre) values (398, 26, 'Quinta De Tilcoco');
insert into comuna (id_comuna, id_provincia, nombre) values (399, 25, 'Quinta Normal');
insert into comuna (id_comuna, id_provincia, nombre) values (400, 17, 'Quintero');
insert into comuna (id_comuna, id_provincia, nombre) values (401, 33, 'Quirihue');
insert into comuna (id_comuna, id_provincia, nombre) values (402, 38, 'Quitratue');
insert into comuna (id_comuna, id_provincia, nombre) values (403, 40, 'Rahue');
insert into comuna (id_comuna, id_provincia, nombre) values (404, 36, 'Ramadillas');
insert into comuna (id_comuna, id_provincia, nombre) values (405, 26, 'Rancagua');
insert into comuna (id_comuna, id_provincia, nombre) values (406, 33, 'Ranquil');
insert into comuna (id_comuna, id_provincia, nombre) values (407, 17, 'Rapel');
insert into comuna (id_comuna, id_provincia, nombre) values (408, 37, 'Rariruca');
insert into comuna (id_comuna, id_provincia, nombre) values (409, 29, 'Rauco');
insert into comuna (id_comuna, id_provincia, nombre) values (410, 25, 'Recoleta');
insert into comuna (id_comuna, id_provincia, nombre) values (411, 37, 'Renaico');
insert into comuna (id_comuna, id_provincia, nombre) values (412, 25, 'Renca');
insert into comuna (id_comuna, id_provincia, nombre) values (413, 26, 'Rengo');
insert into comuna (id_comuna, id_provincia, nombre) values (414, 26, 'Requegua');
insert into comuna (id_comuna, id_provincia, nombre) values (415, 26, 'Requinoa');
insert into comuna (id_comuna, id_provincia, nombre) values (416, 31, 'Retiro');
insert into comuna (id_comuna, id_provincia, nombre) values (417, 39, 'Reumén');
insert into comuna (id_comuna, id_provincia, nombre) values (418, 40, 'Riachuelo');
insert into comuna (id_comuna, id_provincia, nombre) values (419, 14, 'Rinconada');
insert into comuna (id_comuna, id_provincia, nombre) values (420, 14, 'Rio Blanco');
insert into comuna (id_comuna, id_provincia, nombre) values (422, 44, 'Rio Cisnes');
insert into comuna (id_comuna, id_provincia, nombre) values (423, 30, 'Rio Claro');
insert into comuna (id_comuna, id_provincia, nombre) values (424, 11, 'Rio Hurtado');
insert into comuna (id_comuna, id_provincia, nombre) values (425, 46, 'Rio Ibañez');
insert into comuna (id_comuna, id_provincia, nombre) values (426, 40, 'Rio Negro');
insert into comuna (id_comuna, id_provincia, nombre) values (427, 48, 'Rio Verde');
insert into comuna (id_comuna, id_provincia, nombre) values (428, 18, 'Rocas de Santo Domingo');
insert into comuna (id_comuna, id_provincia, nombre) values (429, 27, 'Roma');
insert into comuna (id_comuna, id_provincia, nombre) values (430, 29, 'Romeral');
insert into comuna (id_comuna, id_provincia, nombre) values (431, 26, 'Rosario');
insert into comuna (id_comuna, id_provincia, nombre) values (432, 40, 'Rupanco');
insert into comuna (id_comuna, id_provincia, nombre) values (434, 39, 'S. Jose de Mariquina');
insert into comuna (id_comuna, id_provincia, nombre) values (435, 16, 'S. Pedro Quillota');
insert into comuna (id_comuna, id_provincia, nombre) values (436, 38, 'Saavedra');
insert into comuna (id_comuna, id_provincia, nombre) values (437, 29, 'Sagrada Familia');
insert into comuna (id_comuna, id_provincia, nombre) values (438, 14, 'Saladillo');
insert into comuna (id_comuna, id_provincia, nombre) values (439, 12, 'Salamanca');
insert into comuna (id_comuna, id_provincia, nombre) values (440, 18, 'San Antonio');
insert into comuna (id_comuna, id_provincia, nombre) values (441, 22, 'San Bernardo');
insert into comuna (id_comuna, id_provincia, nombre) values (442, 33, 'San Carlos');
insert into comuna (id_comuna, id_provincia, nombre) values (443, 30, 'San Clemente');
insert into comuna (id_comuna, id_provincia, nombre) values (444, 14, 'San Esteban');
insert into comuna (id_comuna, id_provincia, nombre) values (445, 33, 'San Fabian');
insert into comuna (id_comuna, id_provincia, nombre) values (446, 15, 'San Felipe');
insert into comuna (id_comuna, id_provincia, nombre) values (447, 27, 'San Fernando');
insert into comuna (id_comuna, id_provincia, nombre) values (448, 25, 'San Francisco');
insert into comuna (id_comuna, id_provincia, nombre) values (449, 26, 'San Francisco De Mostazal');
insert into comuna (id_comuna, id_provincia, nombre) values (450, 48, 'San Gregorio');
insert into comuna (id_comuna, id_provincia, nombre) values (451, 33, 'San Gregorio De Ñiquén');
insert into comuna (id_comuna, id_provincia, nombre) values (452, 33, 'San Ignacio');
insert into comuna (id_comuna, id_provincia, nombre) values (453, 31, 'San Javier');
insert into comuna (id_comuna, id_provincia, nombre) values (454, 25, 'San Joaquín');
insert into comuna (id_comuna, id_provincia, nombre) values (455, 21, 'San Jose De Maipo');
insert into comuna (id_comuna, id_provincia, nombre) values (456, 18, 'San Juan');
insert into comuna (id_comuna, id_provincia, nombre) values (457, 40, 'San Juan De La Costa');
insert into comuna (id_comuna, id_provincia, nombre) values (458, 25, 'San Miguel');
insert into comuna (id_comuna, id_provincia, nombre) values (459, 33, 'San Nicolás');
insert into comuna (id_comuna, id_provincia, nombre) values (460, 40, 'San Pablo');
insert into comuna (id_comuna, id_provincia, nombre) values (461, 24, 'San Pedro');
insert into comuna (id_comuna, id_provincia, nombre) values (462, 5, 'San Pedro De Atacama');
insert into comuna (id_comuna, id_provincia, nombre) values (463, 35, 'San Pedro De La Paz');
insert into comuna (id_comuna, id_provincia, nombre) values (464, 30, 'San Rafael');
insert into comuna (id_comuna, id_provincia, nombre) values (465, 25, 'San Ramón');
insert into comuna (id_comuna, id_provincia, nombre) values (466, 34, 'San Rosendo');
insert into comuna (id_comuna, id_provincia, nombre) values (467, 7, 'San Salvador');
insert into comuna (id_comuna, id_provincia, nombre) values (468, 34, 'San Sebastián');
insert into comuna (id_comuna, id_provincia, nombre) values (469, 26, 'San Vicente');
insert into comuna (id_comuna, id_provincia, nombre) values (470, 34, 'Santa Barbara');
insert into comuna (id_comuna, id_provincia, nombre) values (471, 34, 'Santa Clara');
insert into comuna (id_comuna, id_provincia, nombre) values (472, 27, 'Santa Cruz');
insert into comuna (id_comuna, id_provincia, nombre) values (473, 34, 'Santa Fe');
insert into comuna (id_comuna, id_provincia, nombre) values (474, 35, 'Santa Juana');
insert into comuna (id_comuna, id_provincia, nombre) values (475, 15, 'Santa María');
insert into comuna (id_comuna, id_provincia, nombre) values (476, 23, 'Santa Rosa de Chena');
insert into comuna (id_comuna, id_provincia, nombre) values (477, 25, 'Santiago');
insert into comuna (id_comuna, id_provincia, nombre) values (478, 25, 'Santiago Centro');
insert into comuna (id_comuna, id_provincia, nombre) values (479, 25, 'Santiago Norte');
insert into comuna (id_comuna, id_provincia, nombre) values (480, 25, 'Santiago Oeste');
insert into comuna (id_comuna, id_provincia, nombre) values (481, 25, 'Santiago Sur');
insert into comuna (id_comuna, id_provincia, nombre) values (482, 18, 'Santo Domingo');
insert into comuna (id_comuna, id_provincia, nombre) values (483, 29, 'Sarmiento');
insert into comuna (id_comuna, id_provincia, nombre) values (484, 37, 'Selva Oscura');
insert into comuna (id_comuna, id_provincia, nombre) values (485, 26, 'Sewell');
insert into comuna (id_comuna, id_provincia, nombre) values (486, 6, 'Sierra Gorda');
insert into comuna (id_comuna, id_provincia, nombre) values (490, 11, 'Sotaquí');
insert into comuna (id_comuna, id_provincia, nombre) values (495, 23, 'Talagante');
insert into comuna (id_comuna, id_provincia, nombre) values (496, 30, 'Talca');
insert into comuna (id_comuna, id_provincia, nombre) values (497, 35, 'Talcahuano');
insert into comuna (id_comuna, id_provincia, nombre) values (498, 35, 'Talcamávida');
insert into comuna (id_comuna, id_provincia, nombre) values (499, 6, 'Taltal');
insert into comuna (id_comuna, id_provincia, nombre) values (500, 41, 'Tegualda');
insert into comuna (id_comuna, id_provincia, nombre) values (501, 38, 'Temuco');
insert into comuna (id_comuna, id_provincia, nombre) values (502, 29, 'Teno');
insert into comuna (id_comuna, id_provincia, nombre) values (503, 38, 'Teodoro Schmidt');
insert into comuna (id_comuna, id_provincia, nombre) values (504, 8, 'Tierra Amarilla');
insert into comuna (id_comuna, id_provincia, nombre) values (505, 37, 'Tijeral');
insert into comuna (id_comuna, id_provincia, nombre) values (506, 20, 'Til-Til');
insert into comuna (id_comuna, id_provincia, nombre) values (507, 50, 'Timaukel');
insert into comuna (id_comuna, id_provincia, nombre) values (508, 27, 'Tinguiririca');
insert into comuna (id_comuna, id_provincia, nombre) values (509, 36, 'Tirúa');
insert into comuna (id_comuna, id_provincia, nombre) values (510, 4, 'Tocopilla');
insert into comuna (id_comuna, id_provincia, nombre) values (511, 38, 'Toltén');
insert into comuna (id_comuna, id_provincia, nombre) values (512, 35, 'Tomé');
insert into comuna (id_comuna, id_provincia, nombre) values (513, 10, 'Tongoy');
insert into comuna (id_comuna, id_provincia, nombre) values (514, 49, 'Torres Del Paine');
insert into comuna (id_comuna, id_provincia, nombre) values (515, 47, 'Tortel');
insert into comuna (id_comuna, id_provincia, nombre) values (516, 37, 'Traiguén');
insert into comuna (id_comuna, id_provincia, nombre) values (517, 33, 'Treguaco');
insert into comuna (id_comuna, id_provincia, nombre) values (518, 36, 'Tres pinos');
insert into comuna (id_comuna, id_provincia, nombre) values (519, 37, 'Trintre');
insert into comuna (id_comuna, id_provincia, nombre) values (520, 38, 'Trovolhue');
insert into comuna (id_comuna, id_provincia, nombre) values (521, 34, 'Tucapel');
insert into comuna (id_comuna, id_provincia, nombre) values (522, 35, 'Tumbes');
insert into comuna (id_comuna, id_provincia, nombre) values (523, 29, 'Tutuquén');
insert into comuna (id_comuna, id_provincia, nombre) values (525, 39, 'Valdivia');
insert into comuna (id_comuna, id_provincia, nombre) values (526, 22, 'Valdivia Paine');
insert into comuna (id_comuna, id_provincia, nombre) values (527, 13, 'Valle Hermoso');
insert into comuna (id_comuna, id_provincia, nombre) values (528, 25, 'Valle Grande');
insert into comuna (id_comuna, id_provincia, nombre) values (529, 9, 'Vallenar');
insert into comuna (id_comuna, id_provincia, nombre) values (530, 17, 'Valparaíso');
insert into comuna (id_comuna, id_provincia, nombre) values (531, 17, 'Ventanas');
insert into comuna (id_comuna, id_provincia, nombre) values (532, 29, 'Vichuquén');
insert into comuna (id_comuna, id_provincia, nombre) values (533, 37, 'Victoria');
insert into comuna (id_comuna, id_provincia, nombre) values (534, 10, 'Vicuña');
insert into comuna (id_comuna, id_provincia, nombre) values (536, 38, 'Vilcún');
insert into comuna (id_comuna, id_provincia, nombre) values (537, 31, 'Villa Alegre');
insert into comuna (id_comuna, id_provincia, nombre) values (538, 17, 'Villa Alemana');
insert into comuna (id_comuna, id_provincia, nombre) values (539, 29, 'Villa Prat');
insert into comuna (id_comuna, id_provincia, nombre) values (540, 38, 'Villarrica');
insert into comuna (id_comuna, id_provincia, nombre) values (541, 17, 'Viña del Mar');
insert into comuna (id_comuna, id_provincia, nombre) values (542, 25, 'Vitacura');
insert into comuna (id_comuna, id_provincia, nombre) values (543, 31, 'Yerbas Buenas');
insert into comuna (id_comuna, id_provincia, nombre) values (544, 34, 'Yumbel');
insert into comuna (id_comuna, id_provincia, nombre) values (545, 33, 'Yungay');
insert into comuna (id_comuna, id_provincia, nombre) values (546, 13, 'Zapallar');
insert into comuna (id_comuna, id_provincia, nombre) values (633, 3, 'Alto Hospicio');